,Carrier Melt,Interstitial Melt,Olivine,Clinopyroxene,Plagioclase,Nodule
GO19-01a.1,2.6911450322035306,2.659916873706103,3.321927544473901,2.999551430948602,2.533234963368581,2.208563542770058
GO19-01a.3,2.691930604598842,2.689959691980496,3.252738033917094,,2.5521629753870436,2.1658497464982904
GO19-01a.6,2.7004763480739915,2.688029665967622,3.3160053077011256,3.0017718681075345,2.5317810974809736,2.1730305558771827
GO19-02.2,2.691818414311398,2.6931183142771538,3.260945172510045,,2.539959804871749,2.1497176844576598
GO19-02.4,2.6943643868445912,2.694250162769568,3.2526917626568634,,2.549248078582983,1.9903412241619123
GO23-04.N3C,2.695142057867167,2.696625333935074,3.2545999206708665,,2.5539694413426672,1.809910783359706
